<?xml version="1.0" encoding="UTF-8"?>
<project xmlns="http://www.netbeans.org/ns/project/1">
    <type>com.microchip.mplab.nbide.embedded.makeproject</type>
    <configuration>
        <data xmlns="http://www.netbeans.org/ns/make-project/1">
            <name>LCDclock27K42-27</name>
            <name>LCDclock27K42-26</name>
            <name>LCDclock27K42-25</name>
            <name>LCDclock27K42-24</name>
            <name>LCDclock27K42-23</name>
            <name>LCDclock27K42-22-new</name>
            <name>LCDclock27K42-22-new</name>
            <name>LCDclock27K42-21</name>
            <creation-uuid>63abc406-4698-4a68-bfc1-5336a0e09dbf</creation-uuid>
            <make-project-type>0</make-project-type>
            <c-extensions>c</c-extensions>
            <cpp-extensions/>
            <header-extensions>h</header-extensions>
            <asminc-extensions/>
            <sourceEncoding>Shift_JIS</sourceEncoding>
            <make-dep-projects/>
            <sourceRootList>
                <sourceRootElem>.</sourceRootElem>
            </sourceRootList>
            <confList>
                <confElem>
                    <name>default</name>
                    <type>2</type>
                </confElem>
            </confList>
            <formatting>
                <project-formatting-style>false</project-formatting-style>
            </formatting>
        </data>
    </configuration>
</project>
